{
  "resource": [
    {
      "id": 1,
      "name": "krish",
      "email": "krish@mail.com",
      "mobile": "9838362637"
    },
    {
      "name": "dhinakaran",
      "email": "dhina@mai.com",
      "mobile": "6823891273",
      "id": 2
    },
    {
      "name": "RAVINDRAN1",
      "email": "krrishrock@gmail.com",
      "mobile": "9401014173",
      "id": 4
    },
    {
      "name": "KRISHNA",
      "email": "krrishrock1998@gmail.com",
      "mobile": "6380305796",
      "id": 5
    },
    {
      "name": "moosa",
      "email": "moosa@mail.com",
      "mobile": "5873498234",
      "id": 6
    },
    {
      "name": "KRISHNA ",
      "email": "krrish1998@gmail.com",
      "mobile": "0305796",
      "id": 7
    }
  ]
}